Owner,representative_latitude,representative_longitude,number_of_plants
Action Ispat and Power Pvt Ltd,21.839759,83.982227,1
Adhunik Metaliks Ltd,22.308371,84.763584,1
Aichi Steel Corp,35.044558,136.900772,1
Angang Lianzhong Stainless Steel Corp,23.126822,113.505817,1
Angang Steel Co Ltd,40.99523533333333,121.82794233333334,3
Anhui Changjiang Steel Co Ltd,31.502272,118.465162,1
Anhui Guihang Special Steel Co Ltd,30.531068,117.251147,1
Anhui Jin'an Stainless Steel Foundry Co Ltd,31.763956,115.924372,1
Anhui Jingxian Longxin Iron and Steel Co Ltd,30.709058,118.436638,1
Anhui Langxi County Fuhang Steel Co Ltd,31.246635,119.120443,1
Anhui Shoukuang Dachang Metal Material Co Ltd,32.329171,115.954963,1
Anshan Baode Iron & Steel Co Ltd,41.173613,122.945501,1
Anyang Huixin Special Steel Co Ltd,36.152418,114.15839,1
Anyang Iron & Steel Co Ltd,36.122129,114.283145,1
Anyang Xinpu Steel Co Ltd,36.163203,114.296223,1
Anyuan Iron & Steel Co Ltd,27.64555,113.902126,1
ArcelorMittal Nippon Steel India Ltd,19.9366314,81.6597356,5
ArcelorMittal SA,15.139498,76.918417,1
Arjas Steel Pvt Ltd,14.873471,78.048425,1
Atibir Industries Co Ltd,24.145239,86.334999,1
BERIS Jiangsu Heavy Industry Co Ltd,32.104319,119.792126,1
BMM Ispat Ltd,15.16972,76.37971,1
BPA Metallics Pvt Ltd,21.926993,83.374089,1
Baicheng Fuda Bar Rolling Co Ltd,45.593303,122.895588,1
Baldota Steel and Power Ltd,15.332616,76.206778,1
Baoshan Iron & Steel Co Ltd,31.41623,121.440087,1
Baosteel Desheng Stainless Steel Co Ltd,26.48747,119.654461,1
Baosteel Group Xinjiang Bayi Iron & Steel Co Ltd,43.852147,87.304639,1
Baosteel Special Metals Co Ltd,31.379422,121.484652,1
Baosteel Zhanjiang Iron & Steel Co Ltd,21.056035,110.48657,1
Baotou Baoxin Special Steel Co Ltd,41.362925,110.988771,1
Baotou DA AN IRON&STEEL Co Ltd,40.688731000000004,109.75999300000001,2
Baotou Deshun Spec. Steel Co Ltd,40.9019,110.336253,1
Baotou Jiyu Steel Co Ltd,40.662343,109.696243,1
Baowu Group Echeng Iron & Steel Co Ltd,30.39574,114.861313,1
Beijing Shougang Co Ltd,39.976702,118.558788,1
Bengang Steel Plates Co Ltd,41.274132,123.722099,1
Benxi Beiying Iron & Steel (GROUP) Co Ltd,41.224814,123.608374,1
Bhagyalaxmi Metals Pvt Ltd,20.088919,79.71792,1
Bhushan Power & Steel Ltd,22.665526,85.64622,1
Cangzhou China Railway Equipment Manufacturing Materials Co Ltd,38.289221,117.814367,1
Cangzhou Lingang Sanling Metal Co Ltd,38.311738,117.457779,1
Captain Steel India Ltd,23.319004303795843,87.09046517280512,2
Changli Xingguo Precision Machinery Co Ltd,39.704921,118.897417,1
Changshu Longteng Special Steel Co Ltd,31.723833,120.835685,1
Changzhou Dongfang Special Steel Co Ltd,31.602554,119.724256,1
Chengde Jianlong SPECIAL Steel Co Ltd,40.515035,117.596071,1
Chengde Shengfeng Iron & Steel Co Ltd,40.622466,118.490845,1
Chengde Street Ltd,40.947707,117.719747,1
Chengde Zhaofeng Steel Group Co Ltd,40.593875,118.633334,1
Chengdu Changfeng Steel Group Co Ltd,31.031921,103.672956,1
Chengyu Vanadium & Titanium Technology Co Ltd,29.732143,104.504339,1
Chifeng Yuanlian Steel Co Ltd,42.278115,119.015289,1
Chifeng Zhongtang Special Steel Co Ltd,41.834064,119.281883,1
Chizhou Guichi Guihang Metal Products Co Ltd,30.532786,117.25166,1
Chongli Steel Manufacturing Co Ltd,36.602468,113.755744,1
Chongqing Iron & Steel Co Ltd,29.790253,107.040368,1
Chongqing Pengcheng Steel Co Ltd,29.259699,106.214031,1
Chongqing Yonghang Steel Group Co Ltd,29.836163,106.988138,1
Chongqing Yuxi Iron & Steel (Group) Co Ltd,29.488759,105.862658,1
Chongqing Zuhang Steel Co Ltd,29.440056,105.741929,1
Chubu Steel Plate Co Ltd,35.118836,136.867567,1
Crest Steel and Power Pvt Ltd,21.190313,81.19922,1
DELONG Steel Ltd,37.086116,114.384832,1
Daido Steel Co Ltd,35.016404,136.864744,1
Danyang Longjiang Steel Co Ltd,32.027791,119.57706,1
Daye Huaxin Industrial Co Ltd,30.070219,114.926251,1
Daye SPECIAL Steel Co Ltd,30.204603,115.125838,1
Dazhou Hangda Steel Co Ltd,31.435149,107.685981,1
Dongbei Special Steel Group Dalian Special Steel Co Ltd,39.193697,122.057788,1
Dongyuan Dongnan Industrial Co Ltd,24.038397,114.873435,1
ESL Steel Ltd,23.632907,86.293671,1
Electrosteel Castings Ltd,13.717188,79.630588,1
Evonith Metallics Ltd,20.700508499999998,78.62942050000001,2
Ezhou Hongtai Steel Co Ltd,30.532352,114.747597,1
Fangchenggang Jinxi Steel Technology Co Ltd,21.646525,108.369582,1
Fangda Special Steel Technology Co Ltd,28.645441,115.99204,1
Fengshun Changsheng Precision Steel Casting Co Ltd,23.507015,112.953822,1
Fengshun County Agricultural Machinery Continuous Casting Co,23.748318,116.13985,1
Fengshun County Dongfang Metal Casting Co Ltd,23.749104,116.138262,1
Fengshun County Hongbao Industrial Co Ltd,23.720136,115.949449,1
Fengshun Yongshun Continuous Casting Plant,23.747173,116.126241,1
Fogang Dawei Special Steel Co Ltd,23.893972,113.500829,1
"Fugang METAL Manufacturing Co.ltd.,jilinjigang Steel Group",44.022802,125.505627,1
Fujian Dingsheng Steel Co Ltd,27.224477,120.328828,1
Fujian Dingxin Industry Co Ltd,26.7695,119.738519,1
Fujian Fuxin Special Steel Co Ltd,24.472439,117.94885,1
Fujian Great Dong Hai Industrial Group Co Ltd,25.737777,119.592239,1
Fujian Hongfeng Industrial Group Co Ltd,26.868423,117.776369,1
Fujian Longgang New Materials Co Ltd,25.357408,117.362096,1
Fujian Luoyuan Minguang Iron & Steel Co Ltd,26.483815,119.67105,1
Fujian Qingtuo New Material Co Ltd,26.779301,119.767935,1
Fujian San'an Iron & Steel Co Ltd,25.244396,118.029905,1
Fujian Sanbao Steel Co Ltd,24.635769,117.603677,1
Fujian Tsingtuo Nickel Industry Co Ltd,26.768925,119.765203,1
Fujian Wuhang Stainless Steel Products Co Ltd,25.95923,119.452018,1
Fujian Yixin Steel & Iron Co Ltd,26.491308,119.63624,1
Fulun Iron & Steel Co Ltd,36.308447,117.540425,1
Fushun HANWANG Direct Reduced Iron Co Ltd,41.670998,123.85143,1
Fushun New Steel Corp Ltd,41.841223,123.753895,1
Fushun Special Steel Co Ltd,41.838774,123.806586,1
Fuzhou Wuhang Steel Products Co Ltd,25.995101,119.495725,1
Gallantt Ispat Ltd,26.757009,83.199086,1
Gansu Jiu Steel Group Hongxing Iron and Steel Co Ltd,39.812121,98.295555,1
Gaolan County Lanxin Steel Co Ltd,36.488866,103.922,1
Godawari Power and Ispat Ltd,21.470623,81.7106675,2
Godo Steel Ltd,35.057881,136.68735066666667,3
GuangDong Xinxing Ductile Iron Pipes Co Ltd,22.09914,111.665479,1
"Guangde Xinyuanda Metal Products Co., Ltd. Co Ltd",31.0494162,119.5296269,1
Guangdong Daxing Iron & Steel Industrial Co Ltd,23.529158,116.329247,1
Guangdong Fogang Jincheng Metal Products Co Ltd,23.741965,113.502168,1
Guangdong Guangqing METAL Technology Co Ltd,21.697069,111.848841,1
Guangdong Guangqing Metal Technology Co Ltd,31.980237,120.571455,1
Guangdong Guixin Steel Co Ltd,23.517109,113.106865,1
Guangdong Guoxin Industrial Co Ltd,23.407415,116.570818,1
Guangdong Hongde Steel Group Co Ltd,24.672351,113.535574,1
Guangdong Jingye Iron and Steel Co Ltd,23.454666,116.498483,1
Guangdong Jinshenglan Metallurgical Technology Co Ltd,22.888729,112.263081,1
Guangdong Nanfang Donghai Iron and Steel Co Ltd,22.907614,112.224952,1
Guangdong Shengye Steel Co Ltd,24.008564,114.797328,1
Guangdong Shiji Qingshan Nickel Industry Co Ltd,21.687053,111.848893,1
Guangdong Taidu Iron & Steel Co Ltd,23.504558,112.962693,1
Guangdong Taiye Hongda Steel Co Ltd,23.54332928798603,112.9908240744354,1
Guangdong Yuebei United Steel Co Ltd,24.262452,113.728198,1
Guangdong Yuedong Steel Co Ltd,23.711585,114.689761,1
Guangdong Yuehua Iron & Steel Group Co Ltd,24.275783,113.388896,1
Guangdong Yueshao Iron & Steel Co Ltd,24.688355,113.657408,1
Guangdong Zhanhong Steel Plant,23.037858,114.970593,1
Guangshui Huaxin Smelt Industry Co Ltd,31.50221,114.008142,1
Guangxi BG New Materials Co Ltd,21.519924,109.506427,1
Guangxi Chiji Iron and Steel Co Ltd,23.402121,111.134606,1
Guangxi Deyuan Metallurgy Co Ltd,22.785653,109.11917,2
Guangxi Guigang Iron and Steel Group Co Ltd,23.088182,109.634638,1
Guangxi Guigang Iron and Steel Group Guigang Guibao SPECIAL Steel Co Ltd,23.089502,109.63938,1
Guangxi Guixin Steel Group Co Ltd,23.978962,111.735523,1
Guangxi Hezhou Kexinda Metal Products Co Ltd,23.979937,111.745037,1
Guangxi Iron and Steel Group Co Ltd,21.580723,108.400896,1
Guangxi Liugang Zhongjin Stainless Steel Co Ltd,21.67261,109.741866,1
Guangxi Longzhou Zhongheng Wanhua Industrial Co Ltd,23.1567485,109.43017850000001,2
Guangxi Shenglong Metallurgical Co Ltd,21.687637,108.412344,1
Guangxi Wuzhou Jinhai Stainless Steel Co Ltd,23.518229,111.235509,1
Guilin Pinggang Iron and Steel Co Ltd,24.673567,110.78959,1
Guizhou Ganglian Industrial Group Co Ltd,27.615147,106.949926,1
Guizhou Hexing Metal Products Co Ltd,26.509525,107.570458,1
Guizhou United Steel (Group) Co Ltd,27.591691,106.814024,1
HBIS Laoting Steel Co Ltd,39.257823,119.033567,1
Haicheng Hengsheng Casting Co Ltd,41.057478,122.8328,1
Handan Iron and Steel Group Co Ltd,36.601308,114.439889,1
Hanshan Iron and Steel Co Ltd,36.685881,113.837073,1
Hbzx HIGH Tech Co Ltd,40.607977,115.067516,1
Hebei Anfeng Iron & Steel Co Ltd,39.65849,118.894804,1
Hebei Baoxin Iron and Steel Group Co Ltd,36.555205,114.108273,1
Hebei Donghai SPECIAL Steel Group Co Ltd,39.610605,118.474722,1
Hebei Guanfeng Metallurgical Industry Co Ltd,36.73422,114.111085,1
Hebei Huaxi Special Steel Co Ltd,39.260784,119.005925,1
Hebei Huaxin Special Steel Co Ltd,36.53048,114.245262,1
Hebei Jingdong Pipe Industry Co Ltd,39.932656,118.836844,1
Hebei Jinxi Iron & Steel Group Co Ltd,40.209844,118.220547,1
Hebei New Wuan Iron and Steel Group Xin Hui Metallurgy Co Ltd,36.664097,114.115263,1
Hebei New Wuan Lron and Steel Group Hong Rong Lron and Steel Co Ltd,36.640411,113.981172,1
Hebei New Wuan Steel Group Wenan IRON&STEEL Co Ltd,36.655461,114.06882949999999,2
Hebei PROVINCE Longfengshan Casting Industry Co Ltd,36.705105,114.105387,1
Hebei Puyang Iron and Steel Co Ltd,36.733675,113.925995,1
Hebei Rongxin Iron & Steel Co Ltd,39.880661,118.558755,1
Hebei Taihang Iron and Steel Group Co Ltd,36.613716,114.082349,1
Hebei Tangyin IRON&STEEL Co Ltd,39.4298775,118.321497,2
Hebei Tianzhu IRON&STEEL (GROUP) Co Ltd,39.803524,118.205663,1
Hebei Tianzhu Iron and Steel Group Special Steel Co Ltd,39.270032,119.01376,1
Hebei Wenfeng STEEL&IRON Co Ltd,36.64577,114.124258,1
Hebei Xinda Iron and Steel Co Ltd,39.898362,118.579364,1
Hebei Xinghua Iron and Steel Co Ltd,36.744936,114.111602,1
Hebei Xinjin Iron and Steel Co Ltd,36.715632,114.208992,1
Hebei Xinxing Ductile Iron Pipes Co Ltd,36.621504,114.128189,1
Hebei Yanshan Iron and Steel Group Co Ltd,39.925508,118.672757,1
Hebei YongYang Special Steel Group Co Ltd,36.786851,114.376132,1
Hebei Zongheng Group Fengnan Iron & Steel Co Ltd,39.222566,118.094201,1
Heilongjiang Jianlong Iron and Steel Co Ltd,46.602297,131.071877,1
Hejin Huaxinyuan Steel & Iron Co Ltd,35.605506,110.652056,1
Henan Angang Zhoukou Iron and Steel Co Ltd,33.364534,115.099661,1
Henan Changtai Stainless Steel Plate Co Ltd,34.702951,112.955911,1
Henan Fengbao SPECIAL Steel Co Ltd,36.131666,113.872158,1
Henan Fuhua Iron & Steel Group Co Ltd,34.462949,113.700844,1
Henan Jiyuan Iron & Steel (Group) Co Ltd,35.086396,112.553774,1
Henan Xinjinhui Stainless Steel Industry Co Ltd,34.263509,113.853979,1
Henan YAXIN Steel Industry Co Ltd,35.879956,114.334825,1
Hengyang Valin Steel Tube Co Ltd,26.865484,112.576853,1
Heping Yueshen Steel Industrial Co Ltd,24.49796,114.93888,1
Heyuan Derun Steel Co Ltd,23.5457045,114.820847,2
Heyuan Huacheng Metal Products Co Ltd,23.56658,114.598993,1
Hezhou Xindu Sanyuan Casting Co Ltd,23.987007,111.739775,1
Hezhou Zhaoxin Hardware Products Co Ltd,23.978567,111.735529,1
Honghe Iron and Steel Co Ltd,23.470733,103.272784,1
Hospet Steels Ltd,15.339055,76.251696,1
Houying Group Haicheng Iron and Steel Co Ltd,40.981855,122.948643,1
Huahong Iron and Steel Products Co Ltd,28.090098,119.519509,1
Huainan Hongtai Steel Limited Liability Co,32.619248,116.905869,1
Huangshi Xingang Heavy Industry Technology Co Ltd,30.097108,115.284652,1
Huangshi Xinxing Pipe Industry Co Ltd,30.181393,114.944879,1
Huarui (Handan) Casting & Pipe Co Ltd,36.561049,114.102793,1
Hubei Dazhan Steel & Iron Co Ltd,31.006752,113.754995,1
Hubei Jinshenglan Metallurgical Technology Co Ltd,29.916729,113.822921,1
Hubei Lijin Steel Group Co Ltd,32.127263,112.715688,1
Hubei Shunle Iron and Steel Co Ltd,29.925026,113.826118,1
Hubei Wucheng Iron and Steel Group Co Ltd,30.341239,114.857744,1
Huizhou Jushun Iron and Steel Plant,23.178652,114.279374,1
Hunan Valin Lianyuan Iron and Steel Co Ltd,27.780956,112.43236,2
Inner Mongolia (Naiman) Jingan Non-ferrous Metal Materials Co Ltd,43.696186,122.219433,1
Inner Mongolia BaoTou Steel Union Co Ltd,40.647997,109.740898,1
Inner Mongolia Desheng Metal Products Co Ltd,39.867015,106.890377,1
Inner Mongolia Mingtuo Ferrite New Material Co Ltd,40.597557,109.683202,1
Inner Mongolia Wanzhou Special Steel Co Ltd,40.977329,110.022924,1
Inner Mongolia Yaxinlongshun Special Steel Co Ltd,40.689778,110.214707,1
JFE Bars & Shapes Corp,35.056672999999996,136.36677866666665,3
JFE Steel Corp,35.6587466,137.6000342,5
JSW Bengal Steel Ltd,22.575726,87.310258,1
JSW Green Steel Ltd,18.530853,72.947091,1
JSW Ispat Special Products Ltd,21.983709,83.238133,1
JSW Jharkhand Steel Ltd,23.188108,85.715097,1
JSW Rayalaseema Steel Limited,14.76855,78.403263,1
JSW Steel Ltd,17.52686306,78.32715882,5
JSW Steel Ltd; POSCO Holdings Inc,20.248632,86.156416,1
JSW Utkal Steel Ltd,20.216667,86.55,1
JSW Vijayanagar Metallics Ltd,15.203176,76.659122,1
Jai Balaji Industries Ltd,23.485256999999997,87.36084149999999,2
Jai Balaji Jyoti Steels Ltd,22.085338,84.86184,1
Jayaswal Neco Industries Ltd,21.354495,81.676444,1
JiLin Province Xinda Steel Co Ltd,42.3249,125.246892,1
Jianglong Acheng Iron & Steel Co Ltd,45.562002,126.968128,1
Jiangsu Changqiang Iron & Steel Co Ltd,31.952064,120.189749,1
Jiangsu Delong Nickel Industry Co Ltd,34.443469,119.816574,1
Jiangsu HONGTAI Metals Ware Co Ltd,32.138393,119.554693,1
Jiangsu Jingye Iron and Steel Co Ltd,34.38381,119.786878,1
Jiangsu Longyuan Steel Co Ltd,34.538033,117.329589,1
Jiangsu Province Binxin Steel Group Co Ltd,35.09556,119.279989,1
Jiangsu Shagang Group Huaigang SPECIAL Steel Co Ltd,33.566039,118.988442,1
Jiangsu Shagang Iron & Steel Co Ltd,31.983146,120.638992,1
Jiangsu Shente Steel Corp,31.471123,119.485941,1
Jiangsu Suxin Special Steel Co Ltd,31.400644,120.475103,1
Jiangsu Xingda Steel Group Co Ltd,34.501981,117.316278,1
Jiangsu Xusteel Group Co Ltd,34.577016,117.339638,1
Jiangxi Taixin Iron & Steel Co Ltd,28.60445,118.163615,1
Jiangxi Yuanxing Iron and Steel Co Ltd,24.881098,114.802833,1
Jiangyin Huaxi Steel Co Ltd,31.816482,120.424347,1
Jiangyin Xicheng Steel Co Ltd,31.892299,120.198394,1
Jiangyin Xingcheng SPECIAL Steel Works Co Ltd,31.950191,120.328449,1
Jianlong Beiman SPECIAL Steel Co Ltd,47.191285,123.616512,1
Jianlong Xilin Iron and Steel Co Ltd,47.495036,129.287919,1
Jilin Jianlong Steel Co Ltd,44.011951,126.537086,1
Jilin Jingang Lron and Steel Co Ltd,43.20023,124.335697,1
Jilin Steel Group Taihua Metal Equipment Manufacture Co Ltd,44.138826,125.914941,1
Jilinheng Precision Casting Technology Co Ltd,43.196537,126.00063,1
Jinan Iron & Steel Group Co Ltd,36.718952,114.111677,1
Jincheng FUSHENG Iron & Steel Co Ltd,35.662985,112.882395,1
Jindal Stainless Ltd,23.132222333333335,78.267228,3
Jindal Steel Chhattisgarh Ltd,21.895041,83.376759,1
Jindal Steel Limited Ltd,20.9652604,84.242291,5
Jindal Steel Odisha Ltd,20.874713,84.944082,1
Jinding Heavy Industries Co Ltd,36.718952,114.111677,1
Jingye (Yingkou) Medium Plate Co Ltd,40.671136,122.395441,1
Jingye Iron and Steel Co Ltd,38.391372,114.139998,1
Jingzhou Qunli Metal Products Co Ltd,30.3505,112.353782,1
Jinye Steel Group Co Ltd,36.148131,113.209523,1
Jinzhou Jinxing Special Steel Co Ltd,41.188888,121.225043,1
Jishan Mingfu Steel Products Co Ltd,35.665945,111.025976,1
JiuJiang PXSteel Co Ltd,29.778431,116.27527,1
Jiugang Group Yuzhong Iron & Steel Co Ltd,36.033646,104.035535,1
KIC Metaliks Ltd,23.507539,87.277914,1
Kalyani Steels Ltd,20.601819,85.594653,1
Kapila Metals Pvt Ltd,19.874223,75.817553,1
Kishiwada Steel Co Ltd,34.477479,135.353918,1
Kobe Steel Ltd,34.711946,135.036741,2
Kyoei Steel Ltd,34.61929633333333,134.55528633333333,3
Laiwu Steel Yinshan Section Co Ltd,36.106143,117.820108,1
Langfang Guangyuan Metalwork Co Ltd,39.181466,116.838667,1
Lengshuijiang Iron and Steel Co Ltd,27.690401,111.437288,1
Lianfeng Steel (Zhangjiagang) Co Ltd,31.855205,120.730505,1
Lianping County Huafeng Steel Co Ltd,24.18435,114.728202,1
Lianyungang Huale Alloy Group Co Ltd,34.607964,119.447626,1
Lianyungang Yaxin Iron and Steel Co Ltd,34.423786,119.778311,1
Liaoyang United Steel Co Ltd,41.19138,122.877311,1
Liaoyang Xinyi Special Steel Co Ltd,41.225003,122.970488,1
Licheng Taihang Iron & Steel Co Ltd,36.472303,113.344155,1
Lingyuan Iron & Steel Co Ltd,41.271048,119.41374,1
Linyi Iron and Steel Investment Group Co Ltd,35.15735,119.133999,1
Linyi Iron and Steel Investment Group Stainless Steel Co Ltd,35.148443,119.068015,1
Linyi Jiangxin Steel Co Ltd,34.951117,118.305389,1
Linyi Meide Gengchen Metal Materials Co Ltd,35.188667,119.087048,1
Linzhou Hexin Foundry Co Ltd,36.112742,113.861135,1
Liuzhou IRON&STEEL Co Ltd,24.385304,109.37963,1
Liyang Baorun Steel Co Ltd,31.471123,119.485941,1
Lloyds Metals and Energy Ltd,19.850123,79.4664715,2
Longchuan Hanghui Steel Co Ltd,24.113189,115.215068,1
Longnan Fuxin Steel Co Ltd,24.912904,114.844503,1
Luannan Huarui Steel Co Ltd,39.51833,118.715766,1
Lucheng Xingbao Iron & Steel Co Ltd,36.332449,113.15509,1
Luoyang Luogang Group of Steel and Iron Co Ltd,34.798477,112.580505,1
Luzhou Xinyang Vanadium Titanium Steel Co Ltd,28.851779,105.70509,1
Lvliang Jianlong Industrial Co Ltd,37.47311,112.06093,1
MSP Steel & Power Ltd,21.87673,83.554495,1
Maanshan Iron & Steel Co Ltd,31.698884,118.468194,1
Mesco Kalinga Steel Ltd,20.976277,86.044419,1
Mindong Saiqi Economic Development Zone Fuhua Steel Rolling Co Ltd,26.961516,119.654272,1
Mintal Group Co Ltd,41.7915,109.865367,1
Minyuan Iron and Steel Group Co Ltd,34.013369,116.422599,1
Mono Steel (India) Ltd,23.312265,70.201953,1
Mukand Sumi Special Steel Ltd,15.328976,76.258613,1
NMDC Steel Ltd,17.13973905,79.5432955,2
NR Ispat and Power Pvt Ltd,22.013086,83.330372,1
Nakayama Steel Products Co Ltd,34.699762,135.430119,1
Nakayama Steel Works Ltd,34.628162,135.459688,1
Nanjing Iron & Steel Co Ltd,32.200797,118.746315,1
Nanyang Hanye SPECIAL STREET Co Ltd,33.269324,111.534635,1
Neelachal Ispat Nigam Ltd,20.998641,86.019102,1
Nilachal Iron & Power Ltd,22.874863,86.063646,1
Ningbo Haoyang New MATERIALS Techonology Co Ltd,30.267113,121.052503,1
Ningbo Iron & Steel Co Ltd,29.918776,121.876423,1
Ningxia Boyu Hongxing Special Steel Group Co Ltd,39.273832,106.75146,1
Ningxia Iron and Steel (Group) Co Ltd,37.503054,105.078348,1
Ningxia Jianlong Special Steel Co Ltd,39.215452,106.688294,1
Ningxia Xinghua Iron and Steel Co Ltd,39.309571,106.79093,1
Nippon Steel Corp,35.2976642,135.4098151,10
Nippon Steel Stainless Steel Corp,34.011835000000005,131.856312,2
Orissa Metaliks Pvt Ltd,22.199786666666665,86.18568800000001,3
Orissa Sponge Iron and Steel Ltd,21.801994,85.56751,1
Orissa Steel & Power Pvt Ltd,22.3591,87.017184,1
Osaka Steel Co Ltd,34.59822,135.45439,1
Pan Gang Group Sichuan Changcheng Special Steel Co Ltd,31.763517,104.761441,1
Pangang Group Xichang Steel and Vanadium Co Ltd,27.74799,102.20517,1
Panzhihua Steel Group Panzhihua Steel Vanadium Co Ltd,26.565265,101.673737,1
Prakash Industries Ltd,22.004694,82.671666,1
Prakash Sponge Iron and Power Pvt Ltd,14.152912,76.665824,1
Qian'an City Jiujiang Wire Co Ltd,39.952209,118.559444,1
Qian'an Zhayi Steel Group Co Ltd,40.044026,118.552001,1
Qianxinan Prefecture Juxin Industry & Trade General Co,25.150857,105.041722,1
Qingdao Special Iron and Steel Co Ltd,35.6296,119.722335,1
Qinglong Manzhu Autonomous County Delong Casting Industry Development Co Ltd,40.427008,119.219855,1
Qinhuangdao Baigong Steel Co Ltd,39.748773,118.819472,1
Qinhuangdao Hongxing Iron & Steel Co Ltd,39.700721,118.871477,1
Qinyang Hongda Iron & Steel Co Ltd,35.184849,112.902248,1
Quzhou Yuanli METAL Products Co Ltd,28.893407,118.867125,1
Ramsarup Industries Ltd,22.977477,88.457443,1
Rashmi Green Hydrogen Steel Pvt Ltd,22.331489,87.398085,1
Rashmi Metaliks Ltd,23.033503500000002,87.186836,2
Rashtriya Ispat Nigam Ltd,17.612846,83.191918,1
Rizhao Steel Holding Group Co Ltd,35.16535,119.366672,1
Rockcheck Steel Group Co Ltd,38.970638,117.495794,1
Rungta Mines Ltd,21.9107876,85.4521354,5
SGIS Songshan Co Ltd,24.708232,113.635898,1
Sansteel Minguang Co Ltd Fujian,26.261109,117.614709,1
Sanyo Special Steel Co Ltd,34.788074,134.672046,1
Shaanxi Hanzhong Iron & Steel Group Co,33.132446,106.657646,1
Shaanxi Huaxin Special Steel Group Co Ltd,34.523278,109.986042,1
Shaanxi LONG MEN IRON&STEEL Co Ltd,35.618466,110.575788,1
Shaanxi Lueyang Iron and Steel Co Ltd,33.323678,106.167206,1
Shagang Group Anyang Yongxing Iron & Steel Co Ltd,36.143573,114.149964,1
Shakambhari Ispat & Power Ltd,23.613861,86.789527,1
ShanXi TongCai Industry and Trade Co Ltd,35.694321,111.429381,1
Shandong Chuanyang Group Co Ltd,36.894784,117.888366,1
Shandong Guangfu Group Co Ltd,36.863145,117.616918,1
Shandong IRON&STEEL Group Rizhao Co Ltd,35.188969,119.383723,1
Shandong Iron & Steel Group Yongfeng Lingang Corp,35.137061,119.068319,1
Shandong Iron Steel Group Yongfeng Zibo Co Ltd,36.906036,118.111833,1
Shandong Iron and Steel Co Ltd,36.0881105,117.839203,2
Shandong Jinguan Metallurgical Technology Co Ltd,37.449126,116.396787,1
Shandong Laigang Yongfeng Steel Corp,36.7993,116.8026,1
Shandong Longsheng Iron and Steel Co Ltd,36.891189,118.187041,1
Shandong Luli Steel Co Ltd,36.970875,118.955444,1
Shandong Minyuan Steel & Iron Co Ltd,36.728409,117.426582,1
Shandong Shouguang Juneng SPECIAL Steel Co Ltd,36.939125,118.785598,1
Shandong Taigang Xinhai Stainless Steel Co Ltd,35.228556,119.084178,1
Shandong Taishan Steel Group Co Ltd,36.22141,117.627728,1
Shandong Xinhua Special Steel Group Co Ltd,36.256175,116.179833,1
Shangang Group Hanzhong Iron & Steel Co Ltd,33.133192,106.671859,1
Shanghai Meishan Iron & Steel Co Ltd,31.902969,118.61667,1
Shanxi Changxin Industry Co Ltd,36.326589,113.117181,1
Shanxi Dongfang Hengliu Precision Casting Co,36.080051,111.647754,1
Shanxi Gaoyi Steel Co Ltd,35.586841,111.258436,1
Shanxi HONGDA Iron and Steel Group Co Ltd,35.701895,110.786826,1
Shanxi HUAQIANG Iron and Steel Co Ltd,35.670848,111.378887,1
Shanxi Jianlong Industrial Co Ltd,35.417405,111.303919,1
Shanxi Jinnan Iron and Steel Group Co Ltd,35.678541,111.51465,1
Shanxi Liheng Iron and Steel Co Ltd,35.701541,111.42671,1
Shanxi Meijin Iron and Steel Co Ltd,38.155327,112.4594385,2
Shanxi Taigang Stainless Steel Co Ltd,37.931488,112.539321,1
Shanxi Tongde Xinghua Special Steel Co Ltd,40.183517,113.305462,1
Shanxi Xintai Iron & Steel Co Ltd,37.075017,111.985148,1
Shanxi Zhongsheng Iron and Steel Co Ltd,35.727776,111.330122,1
Shanxi Zhongyang Iron & Steel Co Ltd,37.370796,111.161118,1
Shengli (Qingyuan) Steel Products Co Ltd,23.553041,113.119942,1
ShiGangJingCheng Equipment Development and Manufacturing Co Ltd,40.626396,122.38884,1
Shiheng SPECIAL Steel Group Co Ltd,36.229201,116.533981,1
Shijiazhuang Hongsen Melting & Casting Co Ltd,38.021527,114.916959,1
Shijiazhuang Iron and Steel Co Ltd,38.067871499999995,114.2967005,2
Shiyan Fuyan Iron and Steel Co Ltd,32.650367,110.654794,1
Shougang Changzhi IRON& Steel Co Ltd,36.356404,113.060809,1
Shougang Guiyang SPECIAL Steel Co Ltd,26.873592,106.73215,1
Shougang Jingtang United Iron & Steel Co Ltd,38.953664,118.50339,1
Shougang Shuicheng Iron & Steel (Group) Co Ltd,26.595229,104.877413,1
Shougang Yili Iron & Steel Co Ltd,43.528516,83.276706,1
Shri Bajrang Power and Ispat Ltd,21.48619,81.771697,1
Shyam Metalics and Energy Ltd,22.6870465,85.5822505,2
Shyam Steel Industries Ltd,23.590212,86.724603,1
Shyam Steel Manufacturing Ltd,23.564157,87.089552,1
Sichuan Dazhou Iron & Steel Group Co Ltd,31.18945,107.453099,1
"Sichuan De Sheng Group, Vanadium and Titanium Co Ltd",29.39798,103.542532,1
Sichuan Gangchen Stainless Steel Co Ltd,29.501044,103.607365,1
Sichuan Shehong Chuanzhong Construction Materials Co Ltd,30.830726,105.367695,1
Sichuan Shengquan Iron and Steel Group Co Ltd,31.255961,104.190612,1
Sichuan Ya'an Anshan Iron and Steel Co Ltd,30.059133,102.625907,1
Steel Authority of India Ltd,22.683159047542837,85.7173442946815,8
Sunflag Iron and Steel Co Ltd,21.232929,79.632398,1
Surjagad Ispat Pvt Ltd,19.487201,79.968551,1
Swadesh Metallics Pvt Ltd,21.625706,81.705254,1
TANG Shan Iron and Steel Group Co Ltd,39.648587,118.212487,1
Taishan Baofeng Iron & Steel Co Ltd,22.425677,112.788855,1
Tangshan Chunxing Special Steel Co Ltd,39.676326,118.427914,1
Tangshan DELONG Steel Co Ltd,39.19256,118.899533,1
Tangshan Donghai Iron and Steel Group Co Ltd,39.748373,118.624794,1
Tangshan Donghua Iron & Steel Enterprise Group Co Ltd,39.468366,118.256774,1
Tangshan Fengnan District Jing'an Iron and Steel Co Ltd,39.600956,118.358726,1
Tangshan Fengnan Kaiheng Iron & Steel Co Ltd,39.4632,118.247191,1
Tangshan GUOYI SPECIAL Steel Co Ltd,39.659153,118.411488,1
Tangshan Ganglu Iron & Steel Co Ltd,40.183913,118.073913,1
Tangshan Guotang Steel Co Ltd,39.293147,119.046972,1
Tangshan Heavy Plate Co Ltd,39.268452,119.024819,1
Tangshan Jianlong Steel SPECIAL Steel Co Ltd,40.167686,117.964004,1
Tangshan Jinma Iron & Steel Group Co Ltd,39.700499,118.456775,1
Tangshan RUIFENG Steel and Iron (GROUP) Co Ltd,39.497472,118.272056,1
Tangshan Shoutang Baosheng Functional Materials Co Ltd,39.751793,118.490004,1
Tangshan Songting IRON&STEEL Co Ltd,39.938866,118.576678,1
Tangshan Stainless Steel Co Ltd,39.445598000000004,118.448707,2
Tangshan Wenfeng Special Steel Co Ltd,39.146541,118.432261,1
Tangshan Xinbaotai Iron & Steel Co Ltd,39.861425,118.03667,1
Tangshan Xinglong Steel Co Ltd,39.847612,118.348448,1
Tangshan Yutian Jinzhou Industry Co Ltd,39.967373,117.857659,1
Tangshan Zhengfeng Steel Co Ltd,39.85271,118.181279,1
Tata Metaliks Ltd,22.385611,87.287179,1
Tata Steel Ltd,23.662969,83.9093472,5
Tianjin Iron PLANT Co Ltd,36.58967,113.745792,1
Tianjin Iron and Steel Group Co Ltd,39.031083,117.499246,1
Tianjin Metallurgy Group Zhasan Steel Co Ltd,38.825269,117.08849,1
Tianjin Pipe Corp,39.034002,117.486798,1
Tianjin Rongcheng Group Tangshan Special Steel Co Ltd,39.551552,118.137993,1
Tianjin Rongcheng Group Tangshan Special Steel Co Ltd; Tangshan Zhengfeng Steel Co Ltd,39.85271,118.181279,1
Tianjin Tianfeng Steel Co Ltd,38.832642,117.102765,1
Tianjin Tiangang UNITED SPECIAL Steel Co Ltd,39.300258,117.800231,1
Tianjin Tianzhong Giant Heavy Industry Co Ltd,39.501442,118.719554,1
Tokyo Steel Manufacturing Co Ltd,34.909732500000004,135.435924,4
Tonghua Iron & Steel Co Ltd,41.779125,126.022349,1
Tongling City Xuanli Special Steel Co Ltd,31.062807,117.956015,1
Tongling Fuxin Iron & Steel Co Ltd,30.907561,117.772866,1
Tongshan Liguo Iron and Steel Co Ltd,34.55486,117.327039,1
Topy Industries Ltd,34.719644,137.322259,1
Uttam Galva Ferous Ltd,15.184613,76.824905,1
Vardhman Special Steels Limited,30.890103,75.908673,1
Vedanta Iron and Steel Ltd,15.526866,73.986671,1
WISCO Group Kunming Steel Co Ltd,24.950474,102.372738,2
WISCO Group Xiangyang Heavy Equipment MATERIALS Co Ltd,32.10704,112.235621,1
Weifang SPECIAL Steel Group Co Ltd,36.644469,119.238427,1
Weining Hengchang Furnace Charge & Casting Co Ltd,26.783556,104.394517,1
Welspun Corp Ltd,23.112781,70.0866885,1
Wu'an Yongcheng Zhuye Co Ltd,36.660278,113.993995,1
Wuan Mingfang Iron & Steel Co Ltd,36.710754,114.207855,1
Wuan Yuhua Steel Co Ltd,36.731752,114.098377,1
Wugang Zhongjia Iron & Steel Co Ltd,33.29175,113.458011,1
Wuhai Baogang Wanteng Iron and Steel Co Ltd,39.855971,106.886647,1
Wuhan Iron and Steel Co Ltd,30.616222,114.444975,1
Wuhan Shunle Stainless Steel Co Ltd,30.394434,114.257701,1
Wuhu Fuxin Iron & Steel Co Ltd,31.194505,118.067833,1
Wuhu Xinxing Ductile Iron Pipes Co Ltd,31.229893,118.150867,1
Wulanhot Iron & Steel Co Ltd,46.055685,122.063282,1
Wuxi Xinsanzhou Special Steel Co Ltd,31.681005,120.251785,1
Wuyang Iron and Steel Co Ltd,33.287536,113.474328,1
Wuzhou Yongda Special Steel Co Ltd,23.520307,111.229981,1
Wuzhou Yongda Steel Works Co Ltd,23.524465,111.2402,1
Xiangfen County XinJinShan Special Steel Co Ltd,35.934831,111.49707,1
Xiangfen County Xingyuan Steel Group Co Ltd,35.880324,111.387956,1
Xindia Steels Ltd,15.293421,76.234947,1
Xingtai Iron and Steel Co Ltd,37.036845,114.909232,2
Xining Special Steel Co Ltd,36.66856,101.671414,1
Xinji AOSEN Steel Group Co Ltd,37.752351,115.184798,1
Xinjiang Da'an Special Steel Co Ltd,42.700465,93.542466,1
Xinjiang Ka Steel Group Co,39.142997,76.161589,1
Xinjiang KingTec Steel Co Ltd,42.674192,86.280156,1
Xinjiang Kunyu Lron & Steel Co Ltd,44.404189,84.966753,1
Xinjiang Minxin Iron and Steel (Group) Minhang Special Steel Co Ltd,44.080866,88.417209,1
Xinjiang Xin'an Special Steel Co Ltd,44.290299,86.595826,1
Xinjiang Yili Iron and Steel Co Ltd,43.526808,83.294323,1
Xinxing Ductile Iron Pipes Xinjiang Co Ltd,42.333321,86.302481,1
"Xinyang Iron & Steel Co.,ltd of Angang Group",32.488704,114.038243,1
Xinyu Iron & Steel Corp Ltd,27.786859,114.921595,1
Xiwang METAL Science Technology Co Ltd,36.928208,117.694654,1
Xuanhua Iron and Steel Group Co Ltd,40.589591,115.090889,1
Xuzhou Baofeng Special Steel Co Ltd,34.364872,117.322633,1
Xuzhou Jinhong Iron and Steel Group Co Ltd,34.500122,116.908897,1
Xuzhou TaiFa Special Steel Technology Co Ltd,34.448514,117.271876,1
Yamato Steel Co Ltd,34.783319,134.604616,1
Yancheng Lianxin Steel Co Ltd,33.211332,120.774892,1
Yangchun New Iron & Steel Co Ltd,22.084904,111.642187,1
Yangzhou Hengrun Ocean Heavy Industry Co Ltd,32.249602,119.620438,1
Yangzhou Qinyou Special Metal Materials Co Ltd,32.838703,119.425236,1
Yantai Walsin Stainless Steel Co Ltd,37.548627,121.277488,1
Yazdani Steel and Power Ltd,20.928285,86.036604,1
Yichang Fulong Iron & Steel Co Ltd,30.586332,111.398846,1
Yingkou Iron & Steel Co Ltd,40.664651,122.415057,1
Yun County Rongfeng Rolling Mill Factory,32.738598,110.793269,1
YunNan Province Tiangao Nickel Alloy Co Ltd,24.80128,104.063455,1
Yunnan Desheng Steel Co Ltd,25.142516,102.077727,1
Yunnan Jingye Steel Co,25.023852,102.312086,1
Yunnan Muguang Industry and Trade Co Ltd,24.077079,102.771634,1
Yunnan Qujing Iron & Steel Group Yue Steel Iron & Steel Co Ltd,25.304544,103.889418,1
Yunnan Qujing Iron and Steel Group Chenggang Iron and Steel Co Ltd,25.45543,103.547242,1
Yunnan Qujing Iron and Steel Group Co Ltd,26.275342,104.168311,1
Yunnan Qujing Iron and Steel Group Yanggang Iron and Steel Co Ltd,25.308777,103.876391,1
Yunnan Qujing Shuangyou Iron and Steel Co Ltd,25.54218,103.781041,1
Yunnan Yuxi Iron and Steel Group Yukun Iron and Steel Co Ltd,24.465884,102.543682,1
Yunnan Yuxi Xianfu Iron and Steel (Group) Co Ltd,24.012309,102.186364,1
Yuxi Huixi Metal Casting Products Co Ltd,24.360481,102.481118,1
Yuxi Iron and Steel Group Zhenfei Iron and Steel Co Ltd,24.074756,102.765983,1
Yuxi Xinxing Iron & Steel Co Ltd,24.249024,102.521747,1
Zenith Steel Group (Nantong) Co Ltd,32.133954,121.513173,1
Zenith Steel Group Co Ltd,31.707656,120.079591,1
Zhejiang TSINGSHAN IRON&STEEL Co Ltd,28.136096,120.380401,1
Zhejiang Wantai Special Steel Co Ltd,30.944342,120.971803,1
Zhejiang Yuxin Industrial Co Ltd,28.787202,120.248592,1
Zhengzhou YONGTONG SPECIAL Steel Co Ltd,34.64443,112.937985,1
Zhenshi Group EASTERN SPECIAL Steel Co Ltd,30.720411,120.898518,1
Zhongpu (Handan) Iron and Steel Co Ltd,36.721376,113.910271,1
Zhongxin Iron and Steel Group Co Ltd,34.368618,118.31556,1
Zhuhai Yueyufeng IRON&STEEL Co Ltd,21.96092,113.198718,1
Zibo Qilin Fushan Steel Co Ltd,36.887998,118.145416,1
Zijin County Dongri Foundry Co Ltd,23.356612,114.769565,1
Zunyi Changling Special Steel Co Ltd,27.614947,106.949752,1
Zunyi County Fuxin Iron & Steel Product Co Ltd,27.591697,106.815453,1
natural person(s); Hubei Xinxin Steel Group Co Ltd,30.067469,114.934091,1
